Sample_ID	Sample_Group	Sample_Group_Bin	Sample_Split
Normal_1	Normal	0	Test
Normal_2	Normal	0	Test
Normal_3	Normal	0	Test
Normal_4	Normal	0	Test
Normal_5	Normal	0	Test
Normal_6	Normal	0	Test
Normal_7	Normal	0	Test
Normal_8	Normal	0	Test
Normal_9	Normal	0	Test
Normal_10	Normal	0	Test
Normal_11	Normal	0	Test
Normal_12	Normal	0	Test
Normal_13	Normal	0	Test
Normal_14	Normal	0	Test
Normal_15	Normal	0	Test
Normal_16	Normal	0	Test
Normal_17	Normal	0	Test
Normal_18	Normal	0	Test
Normal_19	Normal	0	Test
Normal_20	Normal	0	Test
Normal_21	Normal	0	Test
Normal_22	Normal	0	Test
Normal_23	Normal	0	Test
Normal_24	Normal	0	Test
Normal_25	Normal	0	Test
Normal_26	Normal	0	Test
Normal_27	Normal	0	Test
Normal_28	Normal	0	Test
Normal_29	Normal	0	Test
Normal_30	Normal	0	Test
Normal_31	Normal	0	Test
Normal_32	Normal	0	Test
Normal_33	Normal	0	Test
Normal_34	Normal	0	Test
Normal_35	Normal	0	Test
Normal_36	Normal	0	Test
Normal_37	Normal	0	Test
Normal_38	Normal	0	Test
Normal_39	Normal	0	Test
Normal_40	Normal	0	Test
Normal_41	Normal	0	Test
Normal_42	Normal	0	Test
Normal_43	Normal	0	Test
Normal_44	Normal	0	Test
Normal_45	Normal	0	Test
Normal_46	Normal	0	Test
Normal_47	Normal	0	Test
Normal_48	Normal	0	Test
Normal_49	Normal	0	Test
Normal_50	Normal	0	Test
Normal_51	Normal	0	Test
Normal_52	Normal	0	Test
Normal_53	Normal	0	Test
Normal_54	Normal	0	Test
Normal_55	Normal	0	Test
Normal_56	Normal	0	Test
Normal_57	Normal	0	Test
Normal_58	Normal	0	Test
Normal_59	Normal	0	Test
Normal_60	Normal	0	Test
Normal_61	Normal	0	Test
Normal_62	Normal	0	Test
Normal_63	Normal	0	Test
Normal_64	Normal	0	Test
Normal_65	Normal	0	Test
Normal_66	Normal	0	Test
Normal_67	Normal	0	Test
Normal_68	Normal	0	Test
Normal_69	Normal	0	Test
Normal_70	Normal	0	Test
Normal_71	Normal	0	Test
Normal_72	Normal	0	Test
Normal_73	Normal	0	Test
Normal_74	Normal	0	Test
Normal_75	Normal	0	Test
Normal_76	Normal	0	Test
Normal_77	Normal	0	Test
Normal_78	Normal	0	Test
Normal_79	Normal	0	Test
Normal_80	Normal	0	Test
Normal_81	Normal	0	Test
Normal_82	Normal	0	Test
Normal_83	Normal	0	Test
Normal_84	Normal	0	Test
Normal_85	Normal	0	Test
Normal_86	Normal	0	Test
Normal_87	Normal	0	Test
Normal_88	Normal	0	Test
Normal_89	Normal	0	Test
Normal_90	Normal	0	Train
Normal_91	Normal	0	Train
Normal_92	Normal	0	Train
Normal_93	Normal	0	Train
Normal_94	Normal	0	Train
Normal_95	Normal	0	Train
Normal_96	Normal	0	Train
Normal_97	Normal	0	Train
Normal_98	Normal	0	Train
Normal_99	Normal	0	Train
Normal_100	Normal	0	Train
Normal_101	Normal	0	Train
Normal_102	Normal	0	Train
Normal_103	Normal	0	Train
Normal_104	Normal	0	Train
Normal_105	Normal	0	Train
Normal_106	Normal	0	Train
Normal_107	Normal	0	Train
Normal_108	Normal	0	Train
Normal_109	Normal	0	Train
Normal_110	Normal	0	Train
Normal_111	Normal	0	Train
Normal_112	Normal	0	Train
Normal_113	Normal	0	Train
Normal_114	Normal	0	Train
Normal_115	Normal	0	Train
Normal_116	Normal	0	Train
Normal_117	Normal	0	Train
Normal_118	Normal	0	Train
Normal_119	Normal	0	Train
Normal_120	Normal	0	Train
Normal_121	Normal	0	Train
Normal_122	Normal	0	Train
Normal_123	Normal	0	Train
Normal_124	Normal	0	Train
Normal_125	Normal	0	Train
Normal_126	Normal	0	Train
Normal_127	Normal	0	Train
Normal_128	Normal	0	Train
Normal_129	Normal	0	Train
Normal_130	Normal	0	Train
Normal_131	Normal	0	Train
Normal_132	Normal	0	Train
Normal_133	Normal	0	Train
Normal_134	Normal	0	Train
Normal_135	Normal	0	Train
Normal_136	Normal	0	Train
Normal_137	Normal	0	Train
Normal_138	Normal	0	Train
Normal_139	Normal	0	Train
Normal_140	Normal	0	Train
Normal_141	Normal	0	Train
Normal_142	Normal	0	Train
Normal_143	Normal	0	Train
Normal_144	Normal	0	Train
Normal_145	Normal	0	Train
Normal_146	Normal	0	Train
Normal_147	Normal	0	Train
Normal_148	Normal	0	Train
Normal_149	Normal	0	Train
Normal_150	Normal	0	Train
Normal_151	Normal	0	Train
Normal_152	Normal	0	Train
Normal_153	Normal	0	Train
Normal_154	Normal	0	Train
Normal_155	Normal	0	Train
Normal_156	Normal	0	Train
Normal_157	Normal	0	Train
Normal_158	Normal	0	Train
Normal_159	Normal	0	Train
Normal_160	Normal	0	Train
Normal_161	Normal	0	Train
Normal_162	Normal	0	Train
Normal_163	Normal	0	Train
Normal_164	Normal	0	Train
Normal_165	Normal	0	Train
Normal_166	Normal	0	Train
Normal_167	Normal	0	Train
Normal_168	Normal	0	Train
Normal_169	Normal	0	Train
Normal_170	Normal	0	Train
Normal_171	Normal	0	Train
Normal_172	Normal	0	Train
Normal_173	Normal	0	Train
Normal_174	Normal	0	Train
Normal_175	Normal	0	Train
Normal_176	Normal	0	Train
Normal_177	Normal	0	Train
Normal_178	Normal	0	Train
Normal_179	Normal	0	Train
Normal_180	Normal	0	Train
Normal_181	Normal	0	Train
Normal_182	Normal	0	Train
Normal_183	Normal	0	Train
Normal_184	Normal	0	Train
Normal_185	Normal	0	Train
Normal_186	Normal	0	Train
Normal_187	Normal	0	Train
Normal_188	Normal	0	Train
Normal_189	Normal	0	Train
Normal_190	Normal	0	Train
Normal_191	Normal	0	Train
Normal_192	Normal	0	Train
Normal_193	Normal	0	Train
Normal_194	Normal	0	Train
Normal_195	Normal	0	Train
Normal_196	Normal	0	Train
Normal_197	Normal	0	Train
Normal_198	Normal	0	Train
Normal_199	Normal	0	Train
Normal_200	Normal	0	Train
Normal_201	Normal	0	Train
Normal_202	Normal	0	Train
Normal_203	Normal	0	Train
Normal_204	Normal	0	Train
Normal_205	Normal	0	Train
Normal_206	Normal	0	Train
Normal_207	Normal	0	Train
Normal_208	Normal	0	Train
Normal_209	Normal	0	Train
Normal_210	Normal	0	Train
Normal_211	Normal	0	Train
Normal_212	Normal	0	Train
Normal_213	Normal	0	Train
Normal_214	Normal	0	Train
Normal_215	Normal	0	Train
Normal_216	Normal	0	Train
Normal_217	Normal	0	Train
Normal_218	Normal	0	Train
Normal_219	Normal	0	Train
Normal_220	Normal	0	Train
Normal_221	Normal	0	Train
Normal_222	Normal	0	Train
Normal_223	Normal	0	Train
Normal_224	Normal	0	Train
Normal_225	Normal	0	Train
Normal_226	Normal	0	Train
Normal_227	Normal	0	Train
Normal_228	Normal	0	Train
Normal_229	Normal	0	Train
Normal_230	Normal	0	Train
Normal_231	Normal	0	Train
Normal_232	Normal	0	Train
Normal_233	Normal	0	Train
Normal_234	Normal	0	Train
Normal_235	Normal	0	Train
Normal_236	Normal	0	Train
Normal_237	Normal	0	Train
Normal_238	Normal	0	Train
Normal_239	Normal	0	Train
Normal_240	Normal	0	Train
Normal_241	Normal	0	Train
Normal_242	Normal	0	Train
Normal_243	Normal	0	Train
Normal_244	Normal	0	Train
Normal_245	Normal	0	Train
Normal_246	Normal	0	Train
Normal_247	Normal	0	Train
Normal_248	Normal	0	Train
Normal_249	Normal	0	Train
Normal_250	Normal	0	Train
Normal_251	Normal	0	Train
Normal_252	Normal	0	Train
Normal_253	Normal	0	Train
Normal_254	Normal	0	Train
Normal_255	Normal	0	Train
Normal_256	Normal	0	Train
Normal_257	Normal	0	Train
Normal_258	Normal	0	Train
Normal_259	Normal	0	Train
Normal_260	Normal	0	Train
Normal_261	Normal	0	Train
Normal_262	Normal	0	Train
Normal_263	Normal	0	Train
Normal_264	Normal	0	Train
Normal_265	Normal	0	Train
Normal_266	Normal	0	Train
Normal_267	Normal	0	Train
Normal_268	Normal	0	Train
Normal_269	Normal	0	Train
Normal_270	Normal	0	Train
Normal_271	Normal	0	Train
Normal_272	Normal	0	Train
Normal_273	Normal	0	Train
Normal_274	Normal	0	Train
Normal_275	Normal	0	Train
Normal_276	Normal	0	Train
Normal_277	Normal	0	Train
Normal_278	Normal	0	Train
Normal_279	Normal	0	Train
Normal_280	Normal	0	Train
Normal_281	Normal	0	Train
Normal_282	Normal	0	Train
Normal_283	Normal	0	Train
Normal_284	Normal	0	Train
Normal_285	Normal	0	Train
Normal_286	Normal	0	Train
Normal_287	Normal	0	Train
Normal_288	Normal	0	Train
Normal_289	Normal	0	Train
Normal_290	Normal	0	Train
Normal_291	Normal	0	Train
Normal_292	Normal	0	Train
Normal_293	Normal	0	Train
Normal_294	Normal	0	Train
Normal_295	Normal	0	Train
Normal_296	Normal	0	Train
Suicide_attempt_297	Suicide_attempt	1	Test
Suicide_attempt_298	Suicide_attempt	1	Test
Suicide_attempt_299	Suicide_attempt	1	Test
Suicide_attempt_300	Suicide_attempt	1	Test
Suicide_attempt_301	Suicide_attempt	1	Test
Suicide_attempt_302	Suicide_attempt	1	Test
Suicide_attempt_303	Suicide_attempt	1	Test
Suicide_attempt_304	Suicide_attempt	1	Test
Suicide_attempt_305	Suicide_attempt	1	Test
Suicide_attempt_306	Suicide_attempt	1	Test
Suicide_attempt_307	Suicide_attempt	1	Test
Suicide_attempt_308	Suicide_attempt	1	Test
Suicide_attempt_309	Suicide_attempt	1	Test
Suicide_attempt_310	Suicide_attempt	1	Test
Suicide_attempt_311	Suicide_attempt	1	Test
Suicide_attempt_312	Suicide_attempt	1	Test
Suicide_attempt_313	Suicide_attempt	1	Test
Suicide_attempt_314	Suicide_attempt	1	Test
Suicide_attempt_315	Suicide_attempt	1	Test
Suicide_attempt_316	Suicide_attempt	1	Test
Suicide_attempt_317	Suicide_attempt	1	Test
Suicide_attempt_318	Suicide_attempt	1	Test
Suicide_attempt_319	Suicide_attempt	1	Test
Suicide_attempt_320	Suicide_attempt	1	Test
Suicide_attempt_321	Suicide_attempt	1	Test
Suicide_attempt_322	Suicide_attempt	1	Test
Suicide_attempt_323	Suicide_attempt	1	Test
Suicide_attempt_324	Suicide_attempt	1	Test
Suicide_attempt_325	Suicide_attempt	1	Test
Suicide_attempt_326	Suicide_attempt	1	Test
Suicide_attempt_327	Suicide_attempt	1	Test
Suicide_attempt_328	Suicide_attempt	1	Test
Suicide_attempt_329	Suicide_attempt	1	Test
Suicide_attempt_330	Suicide_attempt	1	Test
Suicide_attempt_331	Suicide_attempt	1	Test
Suicide_attempt_332	Suicide_attempt	1	Test
Suicide_attempt_333	Suicide_attempt	1	Test
Suicide_attempt_334	Suicide_attempt	1	Test
Suicide_attempt_335	Suicide_attempt	1	Test
Suicide_attempt_336	Suicide_attempt	1	Test
Suicide_attempt_337	Suicide_attempt	1	Test
Suicide_attempt_338	Suicide_attempt	1	Test
Suicide_attempt_339	Suicide_attempt	1	Test
Suicide_attempt_340	Suicide_attempt	1	Test
Suicide_attempt_341	Suicide_attempt	1	Test
Suicide_attempt_342	Suicide_attempt	1	Test
Suicide_attempt_343	Suicide_attempt	1	Test
Suicide_attempt_344	Suicide_attempt	1	Test
Suicide_attempt_345	Suicide_attempt	1	Test
Suicide_attempt_346	Suicide_attempt	1	Test
Suicide_attempt_347	Suicide_attempt	1	Test
Suicide_attempt_348	Suicide_attempt	1	Test
Suicide_attempt_349	Suicide_attempt	1	Test
Suicide_attempt_350	Suicide_attempt	1	Train
Suicide_attempt_351	Suicide_attempt	1	Train
Suicide_attempt_352	Suicide_attempt	1	Train
Suicide_attempt_353	Suicide_attempt	1	Train
Suicide_attempt_354	Suicide_attempt	1	Train
Suicide_attempt_355	Suicide_attempt	1	Train
Suicide_attempt_356	Suicide_attempt	1	Train
Suicide_attempt_357	Suicide_attempt	1	Train
Suicide_attempt_358	Suicide_attempt	1	Train
Suicide_attempt_359	Suicide_attempt	1	Train
Suicide_attempt_360	Suicide_attempt	1	Train
Suicide_attempt_361	Suicide_attempt	1	Train
Suicide_attempt_362	Suicide_attempt	1	Train
Suicide_attempt_363	Suicide_attempt	1	Train
Suicide_attempt_364	Suicide_attempt	1	Train
Suicide_attempt_365	Suicide_attempt	1	Train
Suicide_attempt_366	Suicide_attempt	1	Train
Suicide_attempt_367	Suicide_attempt	1	Train
Suicide_attempt_368	Suicide_attempt	1	Train
Suicide_attempt_369	Suicide_attempt	1	Train
Suicide_attempt_370	Suicide_attempt	1	Train
Suicide_attempt_371	Suicide_attempt	1	Train
Suicide_attempt_372	Suicide_attempt	1	Train
Suicide_attempt_373	Suicide_attempt	1	Train
Suicide_attempt_374	Suicide_attempt	1	Train
Suicide_attempt_375	Suicide_attempt	1	Train
Suicide_attempt_376	Suicide_attempt	1	Train
Suicide_attempt_377	Suicide_attempt	1	Train
Suicide_attempt_378	Suicide_attempt	1	Train
Suicide_attempt_379	Suicide_attempt	1	Train
Suicide_attempt_380	Suicide_attempt	1	Train
Suicide_attempt_381	Suicide_attempt	1	Train
Suicide_attempt_382	Suicide_attempt	1	Train
Suicide_attempt_383	Suicide_attempt	1	Train
Suicide_attempt_384	Suicide_attempt	1	Train
Suicide_attempt_385	Suicide_attempt	1	Train
Suicide_attempt_386	Suicide_attempt	1	Train
Suicide_attempt_387	Suicide_attempt	1	Train
Suicide_attempt_388	Suicide_attempt	1	Train
Suicide_attempt_389	Suicide_attempt	1	Train
Suicide_attempt_390	Suicide_attempt	1	Train
Suicide_attempt_391	Suicide_attempt	1	Train
Suicide_attempt_392	Suicide_attempt	1	Train
Suicide_attempt_393	Suicide_attempt	1	Train
Suicide_attempt_394	Suicide_attempt	1	Train
Suicide_attempt_395	Suicide_attempt	1	Train
Suicide_attempt_396	Suicide_attempt	1	Train
Suicide_attempt_397	Suicide_attempt	1	Train
Suicide_attempt_398	Suicide_attempt	1	Train
Suicide_attempt_399	Suicide_attempt	1	Train
Suicide_attempt_400	Suicide_attempt	1	Train
Suicide_attempt_401	Suicide_attempt	1	Train
Suicide_attempt_402	Suicide_attempt	1	Train
Suicide_attempt_403	Suicide_attempt	1	Train
Suicide_attempt_404	Suicide_attempt	1	Train
Suicide_attempt_405	Suicide_attempt	1	Train
Suicide_attempt_406	Suicide_attempt	1	Train
Suicide_attempt_407	Suicide_attempt	1	Train
Suicide_attempt_408	Suicide_attempt	1	Train
Suicide_attempt_409	Suicide_attempt	1	Train
Suicide_attempt_410	Suicide_attempt	1	Train
Suicide_attempt_411	Suicide_attempt	1	Train
Suicide_attempt_412	Suicide_attempt	1	Train
Suicide_attempt_413	Suicide_attempt	1	Train
Suicide_attempt_414	Suicide_attempt	1	Train
Suicide_attempt_415	Suicide_attempt	1	Train
Suicide_attempt_416	Suicide_attempt	1	Train
Suicide_attempt_417	Suicide_attempt	1	Train
Suicide_attempt_418	Suicide_attempt	1	Train
